{
  "base": {
    "model_id": "meta-llama/Llama-3.1-70B",
    "sweep_results": {
      "10": {
        "accuracy": 0.69,
        "auroc": 0.7686,
        "time_s": 4.7
      },
      "20": {
        "accuracy": 0.6833333333333333,
        "auroc": 0.7786888888888889,
        "time_s": 3.2
      },
      "30": {
        "accuracy": 0.6966666666666667,
        "auroc": 0.8048222222222222,
        "time_s": 3.5
      },
      "35": {
        "accuracy": 0.6766666666666666,
        "auroc": 0.7893111111111111,
        "time_s": 2.9
      },
      "40": {
        "accuracy": 0.6833333333333333,
        "auroc": 0.7986444444444445,
        "time_s": 3.0
      },
      "45": {
        "accuracy": 0.6966666666666667,
        "auroc": 0.7886444444444445,
        "time_s": 3.2
      },
      "50": {
        "accuracy": 0.7033333333333334,
        "auroc": 0.7924222222222221,
        "time_s": 3.1
      },
      "55": {
        "accuracy": 0.6933333333333334,
        "auroc": 0.7895777777777777,
        "time_s": 2.9
      },
      "60": {
        "accuracy": 0.6966666666666667,
        "auroc": 0.7889999999999999,
        "time_s": 2.9
      },
      "65": {
        "accuracy": 0.68,
        "auroc": 0.7868666666666667,
        "time_s": 2.9
      },
      "70": {
        "accuracy": 0.69,
        "auroc": 0.7910888888888888,
        "time_s": 2.9
      },
      "75": {
        "accuracy": 0.7066666666666667,
        "auroc": 0.8019333333333334,
        "time_s": 2.9
      },
      "79": {
        "accuracy": 0.6933333333333334,
        "auroc": 0.7943777777777777,
        "time_s": 2.9
      }
    },
    "best_layer": 75,
    "full_results": {
      "cities": {
        "accuracy": 0.6733333333333333,
        "auroc": 0.7873111111111111,
        "time_s": 2.0
      },
      "neg_cities": {
        "accuracy": 0.6766666666666666,
        "auroc": 0.7880222222222222,
        "time_s": 3.0
      },
      "sp_en_trans": {
        "accuracy": 0.8333333333333334,
        "auroc": 0.9382716049382716,
        "time_s": 1.6
      },
      "neg_sp_en_trans": {
        "accuracy": 0.7638888888888888,
        "auroc": 0.8765432098765432,
        "time_s": 1.6
      },
      "larger_than": {
        "accuracy": 1.0,
        "auroc": 1.0,
        "time_s": 3.4
      },
      "smaller_than": {
        "accuracy": 1.0,
        "auroc": 1.0,
        "time_s": 3.6
      },
      "_aggregate": {
        "mean_accuracy": 0.8245370370370372,
        "mean_auroc": 0.898358024691358,
        "cities_accuracy": 0.6733333333333333
      }
    }
  },
  "instruct": {
    "model_id": "meta-llama/Llama-3.1-70B-Instruct",
    "sweep_results": {
      "10": {
        "accuracy": 0.66,
        "auroc": 0.7537999999999999,
        "time_s": 2.8
      },
      "20": {
        "accuracy": 0.6733333333333333,
        "auroc": 0.7731333333333333,
        "time_s": 3.0
      },
      "30": {
        "accuracy": 0.6933333333333334,
        "auroc": 0.8094444444444444,
        "time_s": 3.1
      },
      "35": {
        "accuracy": 0.7033333333333334,
        "auroc": 0.8024666666666667,
        "time_s": 2.8
      },
      "40": {
        "accuracy": 0.7033333333333334,
        "auroc": 0.7986444444444445,
        "time_s": 2.8
      },
      "45": {
        "accuracy": 0.7033333333333334,
        "auroc": 0.7947333333333333,
        "time_s": 2.8
      },
      "50": {
        "accuracy": 0.7033333333333334,
        "auroc": 0.7870444444444444,
        "time_s": 2.8
      },
      "55": {
        "accuracy": 0.6833333333333333,
        "auroc": 0.793088888888889,
        "time_s": 3.5
      },
      "60": {
        "accuracy": 0.6866666666666666,
        "auroc": 0.7921555555555555,
        "time_s": 5.0
      },
      "65": {
        "accuracy": 0.6933333333333334,
        "auroc": 0.7915777777777777,
        "time_s": 3.1
      },
      "70": {
        "accuracy": 0.68,
        "auroc": 0.7962444444444444,
        "time_s": 3.1
      },
      "75": {
        "accuracy": 0.7,
        "auroc": 0.8000222222222222,
        "time_s": 2.8
      },
      "79": {
        "accuracy": 0.7,
        "auroc": 0.8053555555555555,
        "time_s": 2.8
      }
    },
    "best_layer": 35,
    "full_results": {
      "cities": {
        "accuracy": 0.7166666666666667,
        "auroc": 0.8181555555555555,
        "time_s": 2.9
      },
      "neg_cities": {
        "accuracy": 0.6966666666666667,
        "auroc": 0.809088888888889,
        "time_s": 2.9
      },
      "sp_en_trans": {
        "accuracy": 0.8611111111111112,
        "auroc": 0.9297839506172839,
        "time_s": 1.5
      },
      "neg_sp_en_trans": {
        "accuracy": 0.8333333333333334,
        "auroc": 0.941358024691358,
        "time_s": 1.6
      },
      "larger_than": {
        "accuracy": 1.0,
        "auroc": 1.0,
        "time_s": 3.7
      },
      "smaller_than": {
        "accuracy": 1.0,
        "auroc": 1.0,
        "time_s": 3.6
      },
      "_aggregate": {
        "mean_accuracy": 0.8512962962962964,
        "mean_auroc": 0.9163977366255144,
        "cities_accuracy": 0.7166666666666667
      }
    }
  }
}